{"val_loss": [0.30886774285273116, 0.1779779132658785, 0.21020622357726096, 0.17438760654492813, 0.12684580447998914, 0.12686537739905443, 0.13293950559063392, 0.12496222675523974, 0.12403444224460558, 0.11667264472354542, 0.12074838676235893, 0.1342875692790205, 0.11685255066914992, 0.1594915127821944, 0.16666111804544925, 0.2015863538110121, 0.13431249736384912, 0.16211852378296582, 0.14300819865512576, 0.13744904454458842, 0.16654441953594373, 0.1703866598721255, 0.16122582809830255, 0.14148365210572428, 0.1603273459803313, 0.12653445160524412, 0.1606292175844481, 0.19854797088964418, 0.18235893171492287, 0.1507029130589217], "val_acc": [0.8570909086140719, 0.9381818129799583, 0.9207272668318315, 0.9319999946247448, 0.9512727228077975, 0.9483636327223345, 0.9490909047560259, 0.9505454514243385, 0.9534545378251509, 0.9556363582611084, 0.9541818159276789, 0.950181810205633, 0.9567272680455988, 0.9461818157542835, 0.9403636334159158, 0.9378181786970659, 0.9505454514243385, 0.9483636309883812, 0.9527272666584362, 0.9527272675254128, 0.9516363594748757, 0.9494545407728715, 0.9545454493435946, 0.9538181799108332, 0.9552727257121693, 0.9581818164478649, 0.9556363599950617, 0.9509090891751376, 0.9523636341094971, 0.9538181773099033], "loss": [0.5042619860723883, 0.22553965610219764, 0.17883809711448945, 0.16149721369338832, 0.14143451588625772, 0.13763808547148054, 0.12698865522915417, 0.12532554612827793, 0.11084227344370746, 0.11005397570010629, 0.10252732551802707, 0.10240516348102711, 0.0949784075616258, 0.08780815022348745, 0.08790119000947567, 0.07774151727595488, 0.07953277209194276, 0.07066193087012113, 0.06924071842876375, 0.06598797275811663, 0.059649120968381056, 0.05706861245524914, 0.05462023322793696, 0.052632194060286394, 0.0496902409414246, 0.04737488524198226, 0.04226149664593233, 0.04309461721168845, 0.03668293456970726, 0.03686838723470129], "acc": [0.7575192831475814, 0.9133676020835543, 0.9293701667099196, 0.9380462678355239, 0.9443444652545115, 0.9465295603465298, 0.9501927992984998, 0.9489717152553843, 0.9561053918995404, 0.9575835434207574, 0.9582262155635805, 0.9582904846931791, 0.962082261751121, 0.9652956334974588, 0.966838050930543, 0.9699871512489024, 0.9692159455968665, 0.9727506487412441, 0.9729434480090987, 0.9750000091322284, 0.9767994914385837, 0.9780848404742145, 0.9794987231722834, 0.9806555396180533, 0.9806555291987323, 0.9815552783196261, 0.9860539902145268, 0.9845758432900691, 0.9860539896016256, 0.9866966625105752]}